-- phpMyAdmin SQL Dump
-- version 5.2.1
-- https://www.phpmyadmin.net/
--
-- Host: 127.0.0.1
-- Creato il: Dic 23, 2024 alle 16:47
-- Versione del server: 10.4.32-MariaDB
-- Versione PHP: 8.2.12

SET SQL_MODE = "NO_AUTO_VALUE_ON_ZERO";
START TRANSACTION;
SET time_zone = "+00:00";


/*!40101 SET @OLD_CHARACTER_SET_CLIENT=@@CHARACTER_SET_CLIENT */;
/*!40101 SET @OLD_CHARACTER_SET_RESULTS=@@CHARACTER_SET_RESULTS */;
/*!40101 SET @OLD_COLLATION_CONNECTION=@@COLLATION_CONNECTION */;
/*!40101 SET NAMES utf8mb4 */;

--
-- Database: `velkozbot`
--

-- --------------------------------------------------------

--
-- Struttura della tabella `build`
--

CREATE TABLE `build` (
  `name` varchar(20) NOT NULL,
  `path` varchar(11) NOT NULL,
  `keystone` varchar(22) NOT NULL,
  `slot1` varchar(22) NOT NULL,
  `slot2` varchar(22) NOT NULL,
  `slot3` varchar(22) NOT NULL,
  `secondarypath` varchar(11) NOT NULL,
  `secondary1` varchar(22) NOT NULL,
  `secondary2` varchar(22) NOT NULL,
  `shard1` varchar(25) NOT NULL,
  `shard2` varchar(25) NOT NULL,
  `shard3` varchar(25) NOT NULL,
  `summoner1` varchar(9) NOT NULL,
  `summoner2` varchar(9) NOT NULL
) ENGINE=InnoDB DEFAULT CHARSET=utf8mb4 COLLATE=utf8mb4_general_ci;

--
-- Dump dei dati per la tabella `build`
--

INSERT INTO `build` (`name`, `path`, `keystone`, `slot1`, `slot2`, `slot3`, `secondarypath`, `secondary1`, `secondary2`, `shard1`, `shard2`, `shard3`, `summoner1`, `summoner2`) VALUES
('Aatrox', 'Precision', 'Conqueror', 'Triumph', 'Legend: Haste', 'Last Stand', 'Resolve', 'Second Wind', 'Revitalize', 'Adaptive Force', 'Adaptive Force', 'Health Scaling', 'Flash', 'Teleport'),
('Ahri', 'Domination', 'Electrocute', 'Taste of Blood', 'Eyeball Collection', 'Ultimate Hunter', 'Sorcery', 'Manaflow Band', 'Transcendence', 'Attack Speed', 'Adaptive Force', 'Health', 'Flash', 'Teleport'),
('Akali', 'Domination', 'Electrocute', 'Sudden Impact', 'Eyeball Collection', 'Ultimate Hunter', 'Resolve', 'Second Wind', 'Overgrowth', 'Adaptive Force', 'Adaptive Force', 'Health Scaling', 'Flash', 'Teleport'),
('Akshan', 'Precision', 'Press the Attack', 'Presence of Mind', 'Legend: Alacrity', 'Coup de Grace', 'Inspiration', 'Magical Footwear', 'Triple Tonic', 'Attack Speed', 'Adaptive Force', 'Health', 'Flash', 'Ignite'),
('Alistar', 'Resolve', 'Aftershock', 'Font of Life', 'Bone Plating', 'Overgrowth', 'Inspiration', 'Hextech Flashtraption', 'Cosmic Insight', 'Ability Haste', 'Move Speed', 'Health', 'Flash', 'Ignite'),
('Ambessa', 'Resolve', 'Grasp of the Undying', 'Shield Bash', 'Second Wind', 'Overgrowth', 'Domination', 'Sudden Impact', 'Ultimate Hunter', 'Adaptive Force', 'Adaptive Force', 'Health Scaling', 'Teleport', 'Ignite'),
('Amumu', 'Precision', 'Conqueror', 'Triumph', 'Legend: Haste', 'Last Stand', 'Domination', 'Cheap Shot', 'Ultimate Hunter', 'Attack Speed', 'Adaptive Force', 'Health Scaling', 'Flash', 'Smite'),
('Anivia', 'Domination', 'Electrocute', 'Cheap Shot', 'Eyeball Collection', 'Relentless Hunter', 'Precision', 'Presence of Mind', 'Coup de Grace', 'Attack Speed', 'Adaptive Force', 'Health Scaling', 'Flash', 'Ignite'),
('Annie', 'Domination', 'Electrocute', 'Taste of Blood', 'Eyeball Collection', 'Relentless Hunter', 'Sorcery', 'Manaflow Band', 'Celerity', 'Adaptive Force', 'Adaptive Force', 'Health', 'Flash', 'Teleport'),
('Aphelios', 'Precision', 'Press the Attack', 'Triumph', 'Legend: Bloodline', 'Cut Down', 'Sorcery', 'Absolute Focus', 'Gathering Storm', 'Attack Speed', 'Adaptive Force', 'Health', 'Flash', 'Barrier'),
('Ashe', 'Precision', 'Lethal Tempo', 'Presence of Mind', 'Legend: Alacrity', 'Cut Down', 'Inspiration', 'Biscuit Delivery', 'Approach Velocity', 'Attack Speed', 'Adaptive Force', 'Health', 'Flash', 'Barrier'),
('Aurelion Sol', 'Sorcery', 'Arcane Comet', 'Manaflow Band', 'Absolute Focus', 'Scorch', 'Precision', 'Presence of Mind', 'Cut Down', 'Adaptive Force', 'Adaptive Force', 'Health', 'Flash', 'Teleport'),
('Aurora', 'Domination', 'Electrocute', 'Sudden Impact', 'Eyeball Collection', 'Ultimate Hunter', 'Sorcery', 'Manaflow Band', 'Scorch', 'Attack Speed', 'Adaptive Force', 'Health', 'Flash', 'Teleport'),
('Azir', 'Precision', 'Press the Attack', 'Presence of Mind', 'Legend: Alacrity', 'Cut Down', 'Sorcery', 'Manaflow Band', 'Scorch', 'Attack Speed', 'Adaptive Force', 'Health Scaling', 'Flash', 'Teleport'),
('Bard', 'Resolve', 'Guardian', 'Font of Life', 'Conditioning', 'Overgrowth', 'Inspiration', 'Magical Footwear', 'Biscuit Delivery', 'Attack Speed', 'Adaptive Force', 'Health Scaling', 'Flash', 'Ignite'),
('Bel\'Veth', 'Precision', 'Conqueror', 'Triumph', 'Legend: Alacrity', 'Coup de Grace', 'Domination', 'Eyeball Collection', 'Relentless Hunter', 'Adaptive Force', 'Adaptive Force', 'Health Scaling', 'Flash', 'Smite'),
('Blitzcrank', 'Inspiration', 'Glacial Augment', 'Hextech Flashtraption', 'Biscuit Delivery', 'Cosmic Insight', 'Sorcery', 'Nimbus Cloak', 'Celerity', 'Ability Haste', 'Move Speed', 'Health', 'Flash', 'Ignite'),
('Brand', 'Sorcery', 'Arcane Comet', 'Manaflow Band', 'Transcendence', 'Scorch', 'Inspiration', 'Biscuit Delivery', 'Cosmic Insight', 'Adaptive Force', 'Adaptive Force', 'Health', 'Flash', 'Ignite'),
('Braum', 'Resolve', 'Guardian', 'Font of Life', 'Bone Plating', 'Unflinching', 'Inspiration', 'Biscuit Delivery', 'Cosmic Insight', 'Attack Speed', 'Move Speed', 'Health', 'Flash', 'Heal'),
('Briar', 'Precision', 'Press the Attack', 'Triumph', 'Legend: Alacrity', 'Coup de Grace', 'Domination', 'Sudden Impact', 'Treasure Hunter', 'Adaptive Force', 'Adaptive Force', 'Health Scaling', 'Flash', 'Smite'),
('Caitlyn', 'Inspiration', 'First Strike', 'Magical Footwear', 'Biscuit Delivery', 'Cosmic Insight', 'Sorcery', 'Absolute Focus', 'Gathering Storm', 'Attack Speed', 'Adaptive Force', 'Health Scaling', 'Flash', 'Barrier'),
('Camille', 'Resolve', 'Grasp of the Undying', 'Shield Bash', 'Second Wind', 'Overgrowth', 'Inspiration', 'Magical Footwear', 'Biscuit Delivery', 'Adaptive Force', 'Adaptive Force', 'Health Scaling', 'Teleport', 'Ignite'),
('Cassiopeia', 'Precision', 'Conqueror', 'Presence of Mind', 'Legend: Haste', 'Last Stand', 'Sorcery', 'Manaflow Band', 'Transcendence', 'Adaptive Force', 'Adaptive Force', 'Health Scaling', 'Flash', 'Teleport'),
('Cho\'Gath', 'Resolve', 'Grasp of the Undying', 'Demolish', 'Conditioning', 'Overgrowth', 'Inspiration', 'Magical Footwear', 'Approach Velocity', 'Attack Speed', 'Health Scaling', 'Health Scaling', 'Flash', 'Teleport'),
('Corki', 'Precision', 'Conqueror', 'Presence of Mind', 'Legend: Alacrity', 'Cut Down', 'Inspiration', 'Biscuit Delivery', 'Jack Of All Trades', 'Attack Speed', 'Adaptive Force', 'Health', 'Flash', 'Barrier'),
('Darius', 'Precision', 'Conqueror', 'Triumph', 'Legend: Alacrity', 'Last Stand', 'Resolve', 'Bone Plating', 'Overgrowth', 'Attack Speed', 'Adaptive Force', 'Health', 'Flash', 'Ghost'),
('Diana', 'Precision', 'Conqueror', 'Triumph', 'Legend: Alacrity', 'Coup de Grace', 'Inspiration', 'Magical Footwear', 'Cosmic Insight', 'Attack Speed', 'Adaptive Force', 'Health Scaling', 'Flash', 'Smite'),
('Dr. Mundo', 'Resolve', 'Grasp of the Undying', 'Demolish', 'Second Wind', 'Overgrowth', 'Inspiration', 'Biscuit Delivery', 'Approach Velocity', 'Attack Speed', 'Health Scaling', 'Health Scaling', 'Flash', 'Teleport'),
('Draven', 'Precision', 'Lethal Tempo', 'Triumph', 'Legend: Alacrity', 'Last Stand', 'Domination', 'Eyeball Collection', 'Treasure Hunter', 'Attack Speed', 'Adaptive Force', 'Health', 'Flash', 'Barrier'),
('Ekko', 'Domination', 'Dark Harvest', 'Sudden Impact', 'Eyeball Collection', 'Treasure Hunter', 'Inspiration', 'Magical Footwear', 'Cosmic Insight', 'Attack Speed', 'Adaptive Force', 'Health', 'Flash', 'Smite'),
('Elise', 'Domination', 'Dark Harvest', 'Sudden Impact', 'Eyeball Collection', 'Treasure Hunter', 'Precision', 'Triumph', 'Coup de Grace', 'Attack Speed', 'Adaptive Force', 'Health', 'Flash', 'Smite'),
('Evelynn', 'Domination', 'Electrocute', 'Sudden Impact', 'Eyeball Collection', 'Relentless Hunter', 'Sorcery', 'Absolute Focus', 'Gathering Storm', 'Adaptive Force', 'Adaptive Force', 'Health', 'Flash', 'Smite'),
('Ezreal', 'Precision', 'Press the Attack', 'Presence of Mind', 'Legend: Haste', 'Cut Down', 'Inspiration', 'Magical Footwear', 'Jack Of All Trades', 'Attack Speed', 'Adaptive Force', 'Health', 'Flash', 'Barrier'),
('Fiddlesticks', 'Domination', 'Electrocute', 'Cheap Shot', 'Eyeball Collection', 'Ultimate Hunter', 'Inspiration', 'Hextech Flashtraption', 'Cosmic Insight', 'Adaptive Force', 'Adaptive Force', 'Health', 'Flash', 'Smite'),
('Fiora', 'Resolve', 'Grasp of the Undying', 'Demolish', 'Second Wind', 'Overgrowth', 'Inspiration', 'Magical Footwear', 'Biscuit Delivery', 'Attack Speed', 'Adaptive Force', 'Health', 'Flash', 'Ignite'),
('Fizz', 'Domination', 'Electrocute', 'Sudden Impact', 'Eyeball Collection', 'Treasure Hunter', 'Sorcery', 'Manaflow Band', 'Transcendence', 'Ability Haste', 'Adaptive Force', 'Health Scaling', 'Flash', 'Ignite'),
('Galio', 'Resolve', 'Aftershock', 'Shield Bash', 'Second Wind', 'Overgrowth', 'Inspiration', 'Biscuit Delivery', 'Cosmic Insight', 'Adaptive Force', 'Adaptive Force', 'Health', 'Flash', 'Ignite'),
('Gangplank', 'Resolve', 'Grasp of the Undying', 'Demolish', 'Second Wind', 'Overgrowth', 'Inspiration', 'Biscuit Delivery', 'Cosmic Insight', 'Adaptive Force', 'Adaptive Force', 'Health', 'Flash', 'Teleport'),
('Garen', 'Sorcery', 'Phase Rush', 'Nimbus Cloak', 'Celerity', 'Gathering Storm', 'Resolve', 'Second Wind', 'Overgrowth', 'Adaptive Force', 'Adaptive Force', 'Health Scaling', 'Flash', 'Ignite'),
('Gnar', 'Precision', 'Fleet Footwork', 'Triumph', 'Legend: Alacrity', 'Last Stand', 'Resolve', 'Bone Plating', 'Overgrowth', 'Attack Speed', 'Adaptive Force', 'Health Scaling', 'Flash', 'Teleport'),
('Gragas', 'Sorcery', 'Phase Rush', 'Manaflow Band', 'Transcendence', 'Gathering Storm', 'Precision', 'Presence of Mind', 'Legend: Haste', 'Ability Haste', 'Adaptive Force', 'Health Scaling', 'Flash', 'Teleport'),
('Graves', 'Domination', 'Dark Harvest', 'Sudden Impact', 'Eyeball Collection', 'Treasure Hunter', 'Precision', 'Triumph', 'Legend: Alacrity', 'Attack Speed', 'Adaptive Force', 'Health Scaling', 'Flash', 'Smite'),
('Gwen', 'Precision', 'Conqueror', 'Presence of Mind', 'Legend: Alacrity', 'Last Stand', 'Resolve', 'Second Wind', 'Overgrowth', 'Attack Speed', 'Adaptive Force', 'Health', 'Teleport', 'Ignite'),
('Hecarim', 'Sorcery', 'Phase Rush', 'Nimbus Cloak', 'Celerity', 'Waterwalking', 'Precision', 'Triumph', 'Legend: Haste', 'Adaptive Force', 'Adaptive Force', 'Health Scaling', 'Ghost', 'Smite'),
('Heimerdinger', 'Precision', 'Conqueror', 'Presence of Mind', 'Legend: Haste', 'Cut Down', 'Sorcery', 'Absolute Focus', 'Gathering Storm', 'Adaptive Force', 'Adaptive Force', 'Health Scaling', 'Flash', 'Teleport'),
('Hwei', 'Sorcery', 'Arcane Comet', 'Manaflow Band', 'Transcendence', 'Scorch', 'Precision', 'Legend: Haste', 'Cut Down', 'Attack Speed', 'Adaptive Force', 'Health', 'Flash', 'Teleport'),
('Illaoi', 'Resolve', 'Grasp of the Undying', 'Demolish', 'Bone Plating', 'Overgrowth', 'Precision', 'Presence of Mind', 'Last Stand', 'Adaptive Force', 'Adaptive Force', 'Health Scaling', 'Flash', 'Teleport'),
('Irelia', 'Precision', 'Conqueror', 'Triumph', 'Legend: Alacrity', 'Last Stand', 'Inspiration', 'Biscuit Delivery', 'Jack Of All Trades', 'Attack Speed', 'Adaptive Force', 'Health', 'Flash', 'Teleport'),
('Ivern', 'Sorcery', 'Summon Aery', 'Nimbus Cloak', 'Transcendence', 'Waterwalking', 'Precision', 'Triumph', 'Legend: Haste', 'Ability Haste', 'Adaptive Force', 'Health Scaling', 'Flash', 'Smite'),
('Janna', 'Sorcery', 'Summon Aery', 'Manaflow Band', 'Celerity', 'Gathering Storm', 'Resolve', 'Font of Life', 'Revitalize', 'Adaptive Force', 'Move Speed', 'Health Scaling', 'Flash', 'Heal'),
('Jarvan IV', 'Precision', 'Conqueror', 'Triumph', 'Legend: Alacrity', 'Coup de Grace', 'Inspiration', 'Magical Footwear', 'Cosmic Insight', 'Attack Speed', 'Adaptive Force', 'Health Scaling', 'Flash', 'Smite'),
('Jax', 'Resolve', 'Grasp of the Undying', 'Demolish', 'Second Wind', 'Overgrowth', 'Inspiration', 'Biscuit Delivery', 'Cosmic Insight', 'Attack Speed', 'Adaptive Force', 'Health', 'Flash', 'Teleport'),
('Jayce', 'Sorcery', 'Phase Rush', 'Manaflow Band', 'Absolute Focus', 'Scorch', 'Inspiration', 'Magical Footwear', 'Biscuit Delivery', 'Adaptive Force', 'Adaptive Force', 'Health', 'Flash', 'Teleport'),
('Jhin', 'Domination', 'Dark Harvest', 'Taste of Blood', 'Eyeball Collection', 'Treasure Hunter', 'Precision', 'Presence of Mind', 'Coup de Grace', 'Adaptive Force', 'Adaptive Force', 'Health', 'Flash', 'Barrier'),
('Jinx', 'Precision', 'Lethal Tempo', 'Presence of Mind', 'Legend: Bloodline', 'Cut Down', 'Sorcery', 'Absolute Focus', 'Gathering Storm', 'Attack Speed', 'Adaptive Force', 'Health', 'Flash', 'Barrier'),
('K\'Sante', 'Resolve', 'Grasp of the Undying', 'Shield Bash', 'Second Wind', 'Overgrowth', 'Precision', 'Presence of Mind', 'Last Stand', 'Attack Speed', 'Health Scaling', 'Health Scaling', 'Flash', 'Teleport'),
('Kai\'Sa', 'Precision', 'Lethal Tempo', 'Presence of Mind', 'Legend: Bloodline', 'Coup de Grace', 'Inspiration', 'Magical Footwear', 'Biscuit Delivery', 'Attack Speed', 'Adaptive Force', 'Health', 'Flash', 'Barrier'),
('Kalista', 'Precision', 'Lethal Tempo', 'Triumph', 'Legend: Alacrity', 'Coup de Grace', 'Domination', 'Sudden Impact', 'Treasure Hunter', 'Attack Speed', 'Adaptive Force', 'Health', 'Flash', 'Barrier'),
('Karma', 'Sorcery', 'Summon Aery', 'Manaflow Band', 'Transcendence', 'Gathering Storm', 'Resolve', 'Font of Life', 'Revitalize', 'Adaptive Force', 'Adaptive Force', 'Health', 'Flash', 'Heal'),
('Karthus', 'Domination', 'Dark Harvest', 'Cheap Shot', 'Eyeball Collection', 'Treasure Hunter', 'Precision', 'Triumph', 'Last Stand', 'Adaptive Force', 'Adaptive Force', 'Health', 'Flash', 'Smite'),
('Kassadin', 'Domination', 'Electrocute', 'Sudden Impact', 'Eyeball Collection', 'Ultimate Hunter', 'Resolve', 'Second Wind', 'Overgrowth', 'Adaptive Force', 'Health Scaling', 'Health Scaling', 'Flash', 'Teleport'),
('Katarina', 'Domination', 'Electrocute', 'Sudden Impact', 'Eyeball Collection', 'Relentless Hunter', 'Precision', 'Triumph', 'Coup de Grace', 'Adaptive Force', 'Adaptive Force', 'Health Scaling', 'Flash', 'Teleport'),
('Kayle', 'Precision', 'Press the Attack', 'Absorb Life', 'Legend: Alacrity', 'Last Stand', 'Sorcery', 'Celerity', 'Gathering Storm', 'Adaptive Force', 'Adaptive Force', 'Health Scaling', 'Flash', 'Teleport'),
('Kayn', 'Precision', 'Conqueror', 'Triumph', 'Legend: Haste', 'Last Stand', 'Inspiration', 'Magical Footwear', 'Cosmic Insight', 'Adaptive Force', 'Adaptive Force', 'Health Scaling', 'Flash', 'Smite'),
('Kennen', 'Domination', 'Electrocute', 'Cheap Shot', 'Eyeball Collection', 'Ultimate Hunter', 'Sorcery', 'Transcendence', 'Scorch', 'Attack Speed', 'Adaptive Force', 'Health Scaling', 'Flash', 'Teleport'),
('Kha\'Zix', 'Domination', 'Dark Harvest', 'Sudden Impact', 'Eyeball Collection', 'Treasure Hunter', 'Inspiration', 'Magical Footwear', 'Cosmic Insight', 'Adaptive Force', 'Adaptive Force', 'Health Scaling', 'Flash', 'Smite'),
('Kindred', 'Precision', 'Press the Attack', 'Triumph', 'Legend: Alacrity', 'Coup de Grace', 'Inspiration', 'Magical Footwear', 'Cosmic Insight', 'Attack Speed', 'Adaptive Force', 'Health', 'Flash', 'Smite'),
('Kled', 'Precision', 'Conqueror', 'Triumph', 'Legend: Alacrity', 'Last Stand', 'Domination', 'Sudden Impact', 'Eyeball Collection', 'Adaptive Force', 'Adaptive Force', 'Health Scaling', 'Flash', 'Ignite'),
('Kog\'Maw', 'Precision', 'Lethal Tempo', 'Presence of Mind', 'Legend: Alacrity', 'Cut Down', 'Resolve', 'Conditioning', 'Overgrowth', 'Attack Speed', 'Adaptive Force', 'Health Scaling', 'Flash', 'Barrier'),
('LeBlanc', 'Domination', 'Electrocute', 'Sudden Impact', 'Eyeball Collection', 'Relentless Hunter', 'Sorcery', 'Transcendence', 'Scorch', 'Attack Speed', 'Adaptive Force', 'Health Scaling', 'Flash', 'Teleport'),
('Lee Sin', 'Precision', 'Conqueror', 'Triumph', 'Legend: Alacrity', 'Coup de Grace', 'Inspiration', 'Magical Footwear', 'Cosmic Insight', 'Attack Speed', 'Adaptive Force', 'Health Scaling', 'Flash', 'Smite'),
('Leona', 'Resolve', 'Aftershock', 'Font of Life', 'Second Wind', 'Overgrowth', 'Precision', 'Triumph', 'Legend: Haste', 'Ability Haste', 'Move Speed', 'Health', 'Flash', 'Ignite'),
('Lillia', 'Precision', 'Conqueror', 'Triumph', 'Legend: Haste', 'Coup de Grace', 'Inspiration', 'Magical Footwear', 'Cosmic Insight', 'Adaptive Force', 'Adaptive Force', 'Health Scaling', 'Flash', 'Smite'),
('Lissandra', 'Domination', 'Electrocute', 'Cheap Shot', 'Eyeball Collection', 'Ultimate Hunter', 'Inspiration', 'Biscuit Delivery', 'Cosmic Insight', 'Attack Speed', 'Adaptive Force', 'Health', 'Flash', 'Teleport'),
('Lucian', 'Precision', 'Press the Attack', 'Presence of Mind', 'Legend: Bloodline', 'Cut Down', 'Inspiration', 'Magical Footwear', 'Biscuit Delivery', 'Attack Speed', 'Adaptive Force', 'Health', 'Flash', 'Barrier'),
('Lulu', 'Sorcery', 'Summon Aery', 'Manaflow Band', 'Transcendence', 'Scorch', 'Resolve', 'Bone Plating', 'Revitalize', 'Ability Haste', 'Adaptive Force', 'Health Scaling', 'Flash', 'Heal'),
('Lux', 'Sorcery', 'Arcane Comet', 'Manaflow Band', 'Transcendence', 'Scorch', 'Inspiration', 'Biscuit Delivery', 'Cosmic Insight', 'Adaptive Force', 'Adaptive Force', 'Health', 'Flash', 'Heal'),
('Malphite', 'Sorcery', 'Arcane Comet', 'Manaflow Band', 'Transcendence', 'Scorch', 'Resolve', 'Second Wind', 'Overgrowth', 'Attack Speed', 'Health Scaling', 'Health Scaling', 'Flash', 'Teleport'),
('Malzahar', 'Sorcery', 'Summon Aery', 'Manaflow Band', 'Transcendence', 'Scorch', 'Inspiration', 'Magical Footwear', 'Cosmic Insight', 'Attack Speed', 'Adaptive Force', 'Health Scaling', 'Flash', 'Teleport'),
('Maokai', 'Resolve', 'Grasp of the Undying', 'Demolish', 'Second Wind', 'Overgrowth', 'Inspiration', 'Biscuit Delivery', 'Cosmic Insight', 'Attack Speed', 'Health Scaling', 'Health Scaling', 'Flash', 'Teleport'),
('Master Yi', 'Precision', 'Lethal Tempo', 'Triumph', 'Legend: Alacrity', 'Coup de Grace', 'Domination', 'Eyeball Collection', 'Relentless Hunter', 'Attack Speed', 'Adaptive Force', 'Health Scaling', 'Flash', 'Smite'),
('Milio', 'Sorcery', 'Summon Aery', 'Manaflow Band', 'Transcendence', 'Scorch', 'Resolve', 'Bone Plating', 'Revitalize', 'Ability Haste', 'Adaptive Force', 'Health Scaling', 'Flash', 'Heal'),
('Miss Fortune', 'Inspiration', 'First Strike', 'Cash Back', 'Biscuit Delivery', 'Jack Of All Trades', 'Sorcery', 'Manaflow Band', 'Gathering Storm', 'Attack Speed', 'Adaptive Force', 'Health', 'Flash', 'Barrier'),
('Mordekaiser', 'Precision', 'Conqueror', 'Triumph', 'Legend: Haste', 'Last Stand', 'Sorcery', 'Transcendence', 'Gathering Storm', 'Ability Haste', 'Adaptive Force', 'Health Scaling', 'Flash', 'Teleport'),
('Morgana', 'Sorcery', 'Arcane Comet', 'Manaflow Band', 'Transcendence', 'Scorch', 'Inspiration', 'Cash Back', 'Biscuit Delivery', 'Adaptive Force', 'Adaptive Force', 'Health', 'Flash', 'Heal'),
('Naafiri', 'Inspiration', 'First Strike', 'Magical Footwear', 'Biscuit Delivery', 'Cosmic Insight', 'Domination', 'Sudden Impact', 'Treasure Hunter', 'Adaptive Force', 'Adaptive Force', 'Health Scaling', 'Flash', 'Teleport'),
('Nami', 'Sorcery', 'Summon Aery', 'Manaflow Band', 'Transcendence', 'Scorch', 'Resolve', 'Bone Plating', 'Revitalize', 'Adaptive Force', 'Adaptive Force', 'Health Scaling', 'Flash', 'Heal'),
('Nasus', 'Precision', 'Fleet Footwork', 'Triumph', 'Legend: Haste', 'Last Stand', 'Resolve', 'Second Wind', 'Unflinching', 'Ability Haste', 'Health Scaling', 'Health Scaling', 'Ghost', 'Teleport'),
('Nautilus', 'Resolve', 'Aftershock', 'Shield Bash', 'Second Wind', 'Overgrowth', 'Inspiration', 'Hextech Flashtraption', 'Cosmic Insight', 'Attack Speed', 'Move Speed', 'Health', 'Flash', 'Ignite'),
('Neeko', 'Sorcery', 'Arcane Comet', 'Nimbus Cloak', 'Celerity', 'Scorch', 'Inspiration', 'Biscuit Delivery', 'Cosmic Insight', 'Adaptive Force', 'Adaptive Force', 'Health', 'Flash', 'Heal'),
('Nidalee', 'Precision', 'Conqueror', 'Triumph', 'Legend: Haste', 'Cut Down', 'Sorcery', 'Transcendence', 'Waterwalking', 'Attack Speed', 'Adaptive Force', 'Health', 'Flash', 'Smite'),
('Nilah', 'Precision', 'Conqueror', 'Triumph', 'Legend: Alacrity', 'Last Stand', 'Domination', 'Sudden Impact', 'Eyeball Collection', 'Attack Speed', 'Adaptive Force', 'Health', 'Flash', 'Barrier'),
('Nocturne', 'Precision', 'Conqueror', 'Triumph', 'Legend: Alacrity', 'Last Stand', 'Domination', 'Eyeball Collection', 'Ultimate Hunter', 'Attack Speed', 'Adaptive Force', 'Health Scaling', 'Flash', 'Smite'),
('Nunu &amp; Willump', 'Sorcery', 'Phase Rush', 'Nimbus Cloak', 'Celerity', 'Waterwalking', 'Precision', 'Triumph', 'Legend: Haste', 'Ability Haste', 'Adaptive Force', 'Health Scaling', 'Flash', 'Smite'),
('Olaf', 'Precision', 'Conqueror', 'Triumph', 'Legend: Alacrity', 'Last Stand', 'Inspiration', 'Biscuit Delivery', 'Approach Velocity', 'Adaptive Force', 'Adaptive Force', 'Health Scaling', 'Flash', 'Ghost'),
('Orianna', 'Sorcery', 'Summon Aery', 'Manaflow Band', 'Transcendence', 'Scorch', 'Precision', 'Presence of Mind', 'Legend: Haste', 'Attack Speed', 'Adaptive Force', 'Health', 'Flash', 'Teleport'),
('Ornn', 'Resolve', 'Grasp of the Undying', 'Demolish', 'Second Wind', 'Overgrowth', 'Inspiration', 'Magical Footwear', 'Biscuit Delivery', 'Attack Speed', 'Health Scaling', 'Health Scaling', 'Flash', 'Teleport'),
('Pantheon', 'Precision', 'Press the Attack', 'Triumph', 'Legend: Haste', 'Coup de Grace', 'Domination', 'Cheap Shot', 'Relentless Hunter', 'Adaptive Force', 'Adaptive Force', 'Health', 'Flash', 'Ignite'),
('Poppy', 'Domination', 'Hail of Blades', 'Sudden Impact', 'Zombie Ward', 'Relentless Hunter', 'Inspiration', 'Hextech Flashtraption', 'Cosmic Insight', 'Adaptive Force', 'Adaptive Force', 'Health', 'Flash', 'Ignite'),
('Pyke', 'Domination', 'Hail of Blades', 'Cheap Shot', 'Zombie Ward', 'Relentless Hunter', 'Resolve', 'Bone Plating', 'Unflinching', 'Adaptive Force', 'Adaptive Force', 'Health', 'Flash', 'Ignite'),
('Qiyana', 'Domination', 'Electrocute', 'Sudden Impact', 'Eyeball Collection', 'Ultimate Hunter', 'Precision', 'Presence of Mind', 'Last Stand', 'Adaptive Force', 'Adaptive Force', 'Health', 'Flash', 'Ignite'),
('Quinn', 'Domination', 'Electrocute', 'Sudden Impact', 'Eyeball Collection', 'Treasure Hunter', 'Sorcery', 'Absolute Focus', 'Gathering Storm', 'Attack Speed', 'Adaptive Force', 'Health', 'Flash', 'Ignite'),
('Rakan', 'Resolve', 'Guardian', 'Font of Life', 'Bone Plating', 'Revitalize', 'Domination', 'Zombie Ward', 'Ultimate Hunter', 'Adaptive Force', 'Adaptive Force', 'Health', 'Flash', 'Ignite'),
('Rammus', 'Resolve', 'Aftershock', 'Font of Life', 'Conditioning', 'Unflinching', 'Precision', 'Triumph', 'Legend: Alacrity', 'Attack Speed', 'Health Scaling', 'Health Scaling', 'Ghost', 'Smite'),
('Rek\'Sai', 'Precision', 'Conqueror', 'Triumph', 'Legend: Alacrity', 'Cut Down', 'Inspiration', 'Magical Footwear', 'Cosmic Insight', 'Adaptive Force', 'Adaptive Force', 'Health', 'Flash', 'Smite'),
('Rell', 'Resolve', 'Aftershock', 'Shield Bash', 'Second Wind', 'Overgrowth', 'Inspiration', 'Hextech Flashtraption', 'Cosmic Insight', 'Ability Haste', 'Move Speed', 'Health', 'Flash', 'Ignite'),
('Renata Glasc', 'Resolve', 'Guardian', 'Shield Bash', 'Bone Plating', 'Overgrowth', 'Domination', 'Zombie Ward', 'Relentless Hunter', 'Attack Speed', 'Adaptive Force', 'Health', 'Flash', 'Heal'),
('Renekton', 'Precision', 'Conqueror', 'Triumph', 'Legend: Alacrity', 'Last Stand', 'Resolve', 'Demolish', 'Second Wind', 'Adaptive Force', 'Adaptive Force', 'Health', 'Flash', 'Teleport'),
('Rengar', 'Domination', 'Electrocute', 'Sudden Impact', 'Eyeball Collection', 'Ultimate Hunter', 'Precision', 'Legend: Alacrity', 'Coup de Grace', 'Attack Speed', 'Adaptive Force', 'Health', 'Flash', 'Smite'),
('Riven', 'Precision', 'Conqueror', 'Triumph', 'Legend: Haste', 'Last Stand', 'Inspiration', 'Biscuit Delivery', 'Jack Of All Trades', 'Ability Haste', 'Adaptive Force', 'Health Scaling', 'Flash', 'Ignite'),
('Rumble', 'Sorcery', 'Arcane Comet', 'Nimbus Cloak', 'Absolute Focus', 'Scorch', 'Resolve', 'Second Wind', 'Overgrowth', 'Adaptive Force', 'Adaptive Force', 'Health', 'Flash', 'Ignite'),
('Ryze', 'Sorcery', 'Phase Rush', 'Manaflow Band', 'Transcendence', 'Gathering Storm', 'Precision', 'Legend: Haste', 'Cut Down', 'Adaptive Force', 'Adaptive Force', 'Health Scaling', 'Flash', 'Teleport'),
('Samira', 'Precision', 'Conqueror', 'Triumph', 'Legend: Bloodline', 'Last Stand', 'Domination', 'Eyeball Collection', 'Treasure Hunter', 'Attack Speed', 'Adaptive Force', 'Health', 'Flash', 'Barrier'),
('Sejuani', 'Resolve', 'Aftershock', 'Font of Life', 'Conditioning', 'Overgrowth', 'Precision', 'Triumph', 'Legend: Alacrity', 'Attack Speed', 'Health Scaling', 'Health Scaling', 'Flash', 'Smite'),
('Senna', 'Sorcery', 'Summon Aery', 'Manaflow Band', 'Transcendence', 'Scorch', 'Resolve', 'Font of Life', 'Revitalize', 'Attack Speed', 'Adaptive Force', 'Health', 'Flash', 'Heal'),
('Seraphine', 'Sorcery', 'Summon Aery', 'Manaflow Band', 'Transcendence', 'Scorch', 'Precision', 'Presence of Mind', 'Legend: Haste', 'Ability Haste', 'Adaptive Force', 'Health', 'Flash', 'Heal'),
('Sett', 'Precision', 'Conqueror', 'Triumph', 'Legend: Alacrity', 'Last Stand', 'Resolve', 'Second Wind', 'Overgrowth', 'Attack Speed', 'Adaptive Force', 'Health', 'Flash', 'Ignite'),
('Shaco', 'Domination', 'Hail of Blades', 'Sudden Impact', 'Eyeball Collection', 'Relentless Hunter', 'Precision', 'Triumph', 'Legend: Alacrity', 'Attack Speed', 'Adaptive Force', 'Health', 'Smite', 'Ignite'),
('Shen', 'Resolve', 'Grasp of the Undying', 'Shield Bash', 'Second Wind', 'Overgrowth', 'Domination', 'Sudden Impact', 'Ultimate Hunter', 'Adaptive Force', 'Health Scaling', 'Health Scaling', 'Flash', 'Teleport'),
('Shyvana', 'Precision', 'Fleet Footwork', 'Triumph', 'Legend: Haste', 'Cut Down', 'Inspiration', 'Magical Footwear', 'Jack Of All Trades', 'Attack Speed', 'Adaptive Force', 'Health Scaling', 'Flash', 'Smite'),
('Singed', 'Sorcery', 'Phase Rush', 'Nimbus Cloak', 'Celerity', 'Gathering Storm', 'Resolve', 'Conditioning', 'Overgrowth', 'Adaptive Force', 'Adaptive Force', 'Health Scaling', 'Flash', 'Ignite'),
('Sion', 'Resolve', 'Grasp of the Undying', 'Demolish', 'Conditioning', 'Overgrowth', 'Inspiration', 'Cash Back', 'Approach Velocity', 'Attack Speed', 'Adaptive Force', 'Health Scaling', 'Ghost', 'Teleport'),
('Sivir', 'Precision', 'Lethal Tempo', 'Presence of Mind', 'Legend: Alacrity', 'Cut Down', 'Sorcery', 'Absolute Focus', 'Gathering Storm', 'Attack Speed', 'Adaptive Force', 'Health', 'Flash', 'Barrier'),
('Skarner', 'Resolve', 'Grasp of the Undying', 'Shield Bash', 'Conditioning', 'Overgrowth', 'Inspiration', 'Magical Footwear', 'Approach Velocity', 'Ability Haste', 'Health Scaling', 'Health Scaling', 'Flash', 'Smite'),
('Smolder', 'Sorcery', 'Arcane Comet', 'Manaflow Band', 'Absolute Focus', 'Gathering Storm', 'Inspiration', 'Magical Footwear', 'Jack Of All Trades', 'Adaptive Force', 'Adaptive Force', 'Health', 'Flash', 'Barrier'),
('Sona', 'Sorcery', 'Summon Aery', 'Manaflow Band', 'Transcendence', 'Gathering Storm', 'Resolve', 'Conditioning', 'Revitalize', 'Ability Haste', 'Adaptive Force', 'Health', 'Flash', 'Heal'),
('Soraka', 'Sorcery', 'Summon Aery', 'Manaflow Band', 'Transcendence', 'Scorch', 'Resolve', 'Bone Plating', 'Revitalize', 'Ability Haste', 'Adaptive Force', 'Health Scaling', 'Flash', 'Heal'),
('Swain', 'Precision', 'Conqueror', 'Presence of Mind', 'Legend: Haste', 'Last Stand', 'Domination', 'Cheap Shot', 'Ultimate Hunter', 'Adaptive Force', 'Adaptive Force', 'Health', 'Flash', 'Ignite'),
('Sylas', 'Precision', 'Conqueror', 'Presence of Mind', 'Legend: Haste', 'Last Stand', 'Resolve', 'Second Wind', 'Overgrowth', 'Adaptive Force', 'Adaptive Force', 'Health', 'Flash', 'Teleport'),
('Syndra', 'Inspiration', 'First Strike', 'Magical Footwear', 'Triple Tonic', 'Jack Of All Trades', 'Sorcery', 'Manaflow Band', 'Transcendence', 'Ability Haste', 'Adaptive Force', 'Health Scaling', 'Flash', 'Teleport'),
('Tahm Kench', 'Resolve', 'Grasp of the Undying', 'Shield Bash', 'Second Wind', 'Unflinching', 'Precision', 'Triumph', 'Legend: Alacrity', 'Attack Speed', 'Health Scaling', 'Health Scaling', 'Flash', 'Ignite'),
('Taliyah', 'Sorcery', 'Phase Rush', 'Manaflow Band', 'Transcendence', 'Scorch', 'Inspiration', 'Biscuit Delivery', 'Cosmic Insight', 'Attack Speed', 'Adaptive Force', 'Health', 'Flash', 'Ignite'),
('Talon', 'Domination', 'Electrocute', 'Sudden Impact', 'Eyeball Collection', 'Relentless Hunter', 'Sorcery', 'Nimbus Cloak', 'Absolute Focus', 'Adaptive Force', 'Adaptive Force', 'Health Scaling', 'Flash', 'Ignite'),
('Taric', 'Resolve', 'Guardian', 'Font of Life', 'Bone Plating', 'Revitalize', 'Precision', 'Presence of Mind', 'Legend: Haste', 'Attack Speed', 'Move Speed', 'Health', 'Flash', 'Ignite'),
('Teemo', 'Precision', 'Press the Attack', 'Triumph', 'Legend: Alacrity', 'Last Stand', 'Resolve', 'Bone Plating', 'Overgrowth', 'Attack Speed', 'Adaptive Force', 'Health', 'Flash', 'Ignite'),
('Thresh', 'Resolve', 'Aftershock', 'Font of Life', 'Second Wind', 'Overgrowth', 'Domination', 'Zombie Ward', 'Relentless Hunter', 'Ability Haste', 'Move Speed', 'Health', 'Flash', 'Ignite'),
('Tristana', 'Precision', 'Press the Attack', 'Triumph', 'Legend: Alacrity', 'Cut Down', 'Inspiration', 'Magical Footwear', 'Biscuit Delivery', 'Attack Speed', 'Adaptive Force', 'Health', 'Flash', 'Barrier'),
('Trundle', 'Precision', 'Lethal Tempo', 'Triumph', 'Legend: Alacrity', 'Last Stand', 'Resolve', 'Demolish', 'Second Wind', 'Attack Speed', 'Adaptive Force', 'Health Scaling', 'Flash', 'Teleport'),
('Tryndamere', 'Resolve', 'Grasp of the Undying', 'Demolish', 'Second Wind', 'Revitalize', 'Precision', 'Legend: Alacrity', 'Last Stand', 'Attack Speed', 'Adaptive Force', 'Tenacity and Slow Resist', 'Flash', 'Ghost'),
('Twisted Fate', 'Domination', 'Electrocute', 'Taste of Blood', 'Eyeball Collection', 'Treasure Hunter', 'Inspiration', 'Cash Back', 'Biscuit Delivery', 'Attack Speed', 'Adaptive Force', 'Health', 'Flash', 'Ghost'),
('Twitch', 'Precision', 'Lethal Tempo', 'Triumph', 'Legend: Alacrity', 'Coup de Grace', 'Domination', 'Sudden Impact', 'Treasure Hunter', 'Attack Speed', 'Adaptive Force', 'Health', 'Flash', 'Barrier'),
('Udyr', 'Precision', 'Conqueror', 'Triumph', 'Legend: Haste', 'Last Stand', 'Inspiration', 'Magical Footwear', 'Approach Velocity', 'Adaptive Force', 'Adaptive Force', 'Health Scaling', 'Flash', 'Smite'),
('Urgot', 'Precision', 'Press the Attack', 'Triumph', 'Legend: Haste', 'Last Stand', 'Resolve', 'Conditioning', 'Overgrowth', 'Adaptive Force', 'Adaptive Force', 'Health', 'Flash', 'Teleport'),
('Varus', 'Precision', 'Lethal Tempo', 'Triumph', 'Legend: Alacrity', 'Cut Down', 'Inspiration', 'Biscuit Delivery', 'Cosmic Insight', 'Attack Speed', 'Adaptive Force', 'Health', 'Flash', 'Barrier'),
('Vayne', 'Precision', 'Lethal Tempo', 'Triumph', 'Legend: Alacrity', 'Coup de Grace', 'Resolve', 'Conditioning', 'Overgrowth', 'Attack Speed', 'Adaptive Force', 'Health', 'Flash', 'Barrier'),
('Veigar', 'Inspiration', 'First Strike', 'Magical Footwear', 'Biscuit Delivery', 'Cosmic Insight', 'Sorcery', 'Manaflow Band', 'Transcendence', 'Ability Haste', 'Adaptive Force', 'Health Scaling', 'Flash', 'Teleport'),
('Vel\'Koz', 'Domination', 'Dark Harvest', 'Cheap Shot', 'Ghost Poro', 'Relentless Hunter', 'Sorcery', 'Manaflow Band', 'Scorch', 'Adaptive Force', 'Adaptive Force', 'Health Scaling', 'Flash', 'Heal'),
('Vex', 'Domination', 'Electrocute', 'Cheap Shot', 'Eyeball Collection', 'Ultimate Hunter', 'Sorcery', 'Manaflow Band', 'Transcendence', 'Attack Speed', 'Adaptive Force', 'Health', 'Flash', 'Ignite'),
('Vi', 'Precision', 'Conqueror', 'Triumph', 'Legend: Alacrity', 'Coup de Grace', 'Inspiration', 'Magical Footwear', 'Cosmic Insight', 'Attack Speed', 'Adaptive Force', 'Health Scaling', 'Flash', 'Smite'),
('Viego', 'Precision', 'Conqueror', 'Triumph', 'Legend: Alacrity', 'Coup de Grace', 'Inspiration', 'Magical Footwear', 'Cosmic Insight', 'Attack Speed', 'Adaptive Force', 'Health Scaling', 'Flash', 'Smite'),
('Viktor', 'Sorcery', 'Summon Aery', 'Manaflow Band', 'Transcendence', 'Scorch', 'Precision', 'Legend: Haste', 'Cut Down', 'Attack Speed', 'Adaptive Force', 'Health Scaling', 'Flash', 'Teleport'),
('Vladimir', 'Sorcery', 'Summon Aery', 'Nimbus Cloak', 'Transcendence', 'Scorch', 'Precision', 'Legend: Haste', 'Last Stand', 'Ability Haste', 'Adaptive Force', 'Health Scaling', 'Flash', 'Ignite'),
('Volibear', 'Precision', 'Press the Attack', 'Presence of Mind', 'Legend: Haste', 'Last Stand', 'Inspiration', 'Triple Tonic', 'Jack Of All Trades', 'Attack Speed', 'Adaptive Force', 'Health Scaling', 'Flash', 'Teleport'),
('Warwick', 'Precision', 'Lethal Tempo', 'Triumph', 'Legend: Alacrity', 'Last Stand', 'Sorcery', 'Celerity', 'Waterwalking', 'Attack Speed', 'Adaptive Force', 'Health Scaling', 'Flash', 'Smite'),
('Wukong', 'Precision', 'Conqueror', 'Triumph', 'Legend: Alacrity', 'Last Stand', 'Inspiration', 'Magical Footwear', 'Cosmic Insight', 'Attack Speed', 'Adaptive Force', 'Health Scaling', 'Flash', 'Smite'),
('Xayah', 'Precision', 'Lethal Tempo', 'Presence of Mind', 'Legend: Bloodline', 'Coup de Grace', 'Inspiration', 'Magical Footwear', 'Biscuit Delivery', 'Attack Speed', 'Adaptive Force', 'Health', 'Flash', 'Barrier'),
('Xerath', 'Inspiration', 'First Strike', 'Magical Footwear', 'Biscuit Delivery', 'Cosmic Insight', 'Sorcery', 'Manaflow Band', 'Scorch', 'Adaptive Force', 'Adaptive Force', 'Health Scaling', 'Flash', 'Heal'),
('Xin Zhao', 'Precision', 'Conqueror', 'Triumph', 'Legend: Alacrity', 'Coup de Grace', 'Inspiration', 'Magical Footwear', 'Cosmic Insight', 'Attack Speed', 'Adaptive Force', 'Health Scaling', 'Flash', 'Smite'),
('Yasuo', 'Precision', 'Lethal Tempo', 'Triumph', 'Legend: Alacrity', 'Last Stand', 'Resolve', 'Second Wind', 'Overgrowth', 'Attack Speed', 'Adaptive Force', 'Health Scaling', 'Flash', 'Teleport'),
('Yone', 'Precision', 'Lethal Tempo', 'Absorb Life', 'Legend: Alacrity', 'Cut Down', 'Resolve', 'Second Wind', 'Overgrowth', 'Attack Speed', 'Adaptive Force', 'Health Scaling', 'Flash', 'Teleport'),
('Yorick', 'Precision', 'Conqueror', 'Triumph', 'Legend: Alacrity', 'Last Stand', 'Resolve', 'Demolish', 'Bone Plating', 'Attack Speed', 'Adaptive Force', 'Health Scaling', 'Flash', 'Teleport'),
('Yuumi', 'Sorcery', 'Summon Aery', 'Manaflow Band', 'Transcendence', 'Scorch', 'Resolve', 'Font of Life', 'Revitalize', 'Ability Haste', 'Adaptive Force', 'Health Scaling', 'Exhaust', 'Heal'),
('Zac', 'Resolve', 'Aftershock', 'Font of Life', 'Conditioning', 'Revitalize', 'Precision', 'Triumph', 'Legend: Haste', 'Ability Haste', 'Adaptive Force', 'Health Scaling', 'Flash', 'Smite'),
('Zed', 'Inspiration', 'First Strike', 'Magical Footwear', 'Triple Tonic', 'Cosmic Insight', 'Sorcery', 'Transcendence', 'Scorch', 'Adaptive Force', 'Adaptive Force', 'Health', 'Flash', 'Teleport'),
('Zeri', 'Precision', 'Lethal Tempo', 'Triumph', 'Legend: Alacrity', 'Last Stand', 'Resolve', 'Conditioning', 'Overgrowth', 'Attack Speed', 'Adaptive Force', 'Health', 'Flash', 'Barrier'),
('Ziggs', 'Sorcery', 'Arcane Comet', 'Manaflow Band', 'Transcendence', 'Scorch', 'Inspiration', 'Magical Footwear', 'Biscuit Delivery', 'Adaptive Force', 'Adaptive Force', 'Health Scaling', 'Flash', 'Teleport'),
('Zilean', 'Sorcery', 'Summon Aery', 'Manaflow Band', 'Transcendence', 'Scorch', 'Precision', 'Presence of Mind', 'Legend: Haste', 'Ability Haste', 'Move Speed', 'Health', 'Flash', 'Heal'),
('Zoe', 'Domination', 'Electrocute', 'Taste of Blood', 'Eyeball Collection', 'Relentless Hunter', 'Precision', 'Legend: Haste', 'Cut Down', 'Attack Speed', 'Adaptive Force', 'Health', 'Flash', 'Ignite'),
('Zyra', 'Sorcery', 'Arcane Comet', 'Manaflow Band', 'Transcendence', 'Scorch', 'Domination', 'Taste of Blood', 'Relentless Hunter', 'Adaptive Force', 'Adaptive Force', 'Health Scaling', 'Flash', 'Ignite');

-- --------------------------------------------------------

--
-- Struttura della tabella `champion`
--

CREATE TABLE `champion` (
  `name` varchar(20) NOT NULL,
  `role` varchar(7) NOT NULL
) ENGINE=InnoDB DEFAULT CHARSET=utf8mb4 COLLATE=utf8mb4_general_ci;

--
-- Dump dei dati per la tabella `champion`
--

INSERT INTO `champion` (`name`, `role`) VALUES
('Aatrox', 'Top'),
('Ahri', 'Middle'),
('Akali', 'Middle'),
('Akshan', 'Middle'),
('Alistar', 'Support'),
('Ambessa', 'Top'),
('Amumu', 'Jungle'),
('Anivia', 'Middle'),
('Annie', 'Middle'),
('Aphelios', 'Bot'),
('Ashe', 'Bot'),
('Aurelion Sol', 'Middle'),
('Aurora', 'Middle'),
('Azir', 'Middle'),
('Bard', 'Support'),
('Bel\'Veth', 'Jungle'),
('Blitzcrank', 'Support'),
('Brand', 'Support'),
('Braum', 'Support'),
('Briar', 'Jungle'),
('Caitlyn', 'Bot'),
('Camille', 'Top'),
('Cassiopeia', 'Middle'),
('Cho\'Gath', 'Top'),
('Corki', 'Bot'),
('Darius', 'Top'),
('Diana', 'Jungle'),
('Dr. Mundo', 'Top'),
('Draven', 'Bot'),
('Ekko', 'Jungle'),
('Elise', 'Jungle'),
('Evelynn', 'Jungle'),
('Ezreal', 'Bot'),
('Fiddlesticks', 'Jungle'),
('Fiora', 'Top'),
('Fizz', 'Middle'),
('Galio', 'Middle'),
('Gangplank', 'Top'),
('Garen', 'Top'),
('Gnar', 'Top'),
('Gragas', 'Top'),
('Graves', 'Jungle'),
('Gwen', 'Top'),
('Hecarim', 'Jungle'),
('Heimerdinger', 'Top'),
('Hwei', 'Middle'),
('Illaoi', 'Top'),
('Irelia', 'Top'),
('Ivern', 'Jungle'),
('Janna', 'Support'),
('Jarvan IV', 'Jungle'),
('Jax', 'Top'),
('Jayce', 'Top'),
('Jhin', 'Bot'),
('Jinx', 'Bot'),
('K\'Sante', 'Top'),
('Kai\'Sa', 'Bot'),
('Kalista', 'Bot'),
('Karma', 'Support'),
('Karthus', 'Jungle'),
('Kassadin', 'Middle'),
('Katarina', 'Middle'),
('Kayle', 'Top'),
('Kayn', 'Jungle'),
('Kennen', 'Top'),
('Kha\'Zix', 'Jungle'),
('Kindred', 'Jungle'),
('Kled', 'Top'),
('Kog\'Maw', 'Bot'),
('LeBlanc', 'Middle'),
('Lee Sin', 'Jungle'),
('Leona', 'Support'),
('Lillia', 'Jungle'),
('Lissandra', 'Middle'),
('Lucian', 'Bot'),
('Lulu', 'Support'),
('Lux', 'Support'),
('Malphite', 'Top'),
('Malzahar', 'Middle'),
('Maokai', 'Top'),
('Master Yi', 'Jungle'),
('Milio', 'Support'),
('Miss Fortune', 'Bot'),
('Mordekaiser', 'Top'),
('Morgana', 'Support'),
('Naafiri', 'Middle'),
('Nami', 'Support'),
('Nasus', 'Top'),
('Nautilus', 'Support'),
('Neeko', 'Support'),
('Nidalee', 'Jungle'),
('Nilah', 'Bot'),
('Nocturne', 'Jungle'),
('Nunu &amp; Willump', 'Jungle'),
('Olaf', 'Top'),
('Orianna', 'Middle'),
('Ornn', 'Top'),
('Pantheon', 'Support'),
('Poppy', 'Support'),
('Pyke', 'Support'),
('Qiyana', 'Middle'),
('Quinn', 'Top'),
('Rakan', 'Support'),
('Rammus', 'Jungle'),
('Rek\'Sai', 'Jungle'),
('Rell', 'Support'),
('Renata Glasc', 'Support'),
('Renekton', 'Top'),
('Rengar', 'Jungle'),
('Riven', 'Top'),
('Rumble', 'Top'),
('Ryze', 'Middle'),
('Samira', 'Bot'),
('Sejuani', 'Jungle'),
('Senna', 'Support'),
('Seraphine', 'Support'),
('Sett', 'Top'),
('Shaco', 'Jungle'),
('Shen', 'Top'),
('Shyvana', 'Jungle'),
('Singed', 'Top'),
('Sion', 'Top'),
('Sivir', 'Bot'),
('Skarner', 'Jungle'),
('Smolder', 'Bot'),
('Sona', 'Support'),
('Soraka', 'Support'),
('Swain', 'Support'),
('Sylas', 'Middle'),
('Syndra', 'Middle'),
('Tahm Kench', 'Support'),
('Taliyah', 'Middle'),
('Talon', 'Middle'),
('Taric', 'Support'),
('Teemo', 'Top'),
('Thresh', 'Support'),
('Tristana', 'Bot'),
('Trundle', 'Top'),
('Tryndamere', 'Top'),
('Twisted Fate', 'Middle'),
('Twitch', 'Bot'),
('Udyr', 'Jungle'),
('Urgot', 'Top'),
('Varus', 'Bot'),
('Vayne', 'Bot'),
('Veigar', 'Middle'),
('Vel\'Koz', 'Support'),
('Vex', 'Middle'),
('Vi', 'Jungle'),
('Viego', 'Jungle'),
('Viktor', 'Middle'),
('Vladimir', 'Middle'),
('Volibear', 'Top'),
('Warwick', 'Jungle'),
('Wukong', 'Jungle'),
('Xayah', 'Bot'),
('Xerath', 'Support'),
('Xin Zhao', 'Jungle'),
('Yasuo', 'Middle'),
('Yone', 'Middle'),
('Yorick', 'Top'),
('Yuumi', 'Support'),
('Zac', 'Jungle'),
('Zed', 'Middle'),
('Zeri', 'Bot'),
('Ziggs', 'Bot'),
('Zilean', 'Support'),
('Zoe', 'Middle'),
('Zyra', 'Support');

-- --------------------------------------------------------

--
-- Struttura della tabella `counter`
--

CREATE TABLE `counter` (
  `name` varchar(20) NOT NULL,
  `counter1` varchar(20) NOT NULL,
  `counter2` varchar(20) NOT NULL,
  `counter3` varchar(20) NOT NULL
) ENGINE=InnoDB DEFAULT CHARSET=utf8mb4 COLLATE=utf8mb4_general_ci;

--
-- Dump dei dati per la tabella `counter`
--

INSERT INTO `counter` (`name`, `counter1`, `counter2`, `counter3`) VALUES
('Aatrox', 'Singed', 'Irelia', 'Kayle'),
('Ahri', 'Qiyana', 'Anivia', 'Akshan'),
('Akali', 'Naafiri', 'Anivia', 'Twisted Fate'),
('Akshan', 'Irelia', 'Vex', 'Anivia'),
('Alistar', 'Zilean', 'Taric', 'Janna'),
('Ambessa', 'Camille', 'Warwick', 'Wukong'),
('Amumu', 'Evelynn', 'Karthus', 'Nunu &amp; Willump'),
('Anivia', 'Qiyana', 'Cassiopeia', 'Aurelion Sol'),
('Annie', 'Vel\'Koz', 'Swain', 'Aurelion Sol'),
('Aphelios', 'Nilah', 'Viktor', 'Draven'),
('Ashe', 'Swain', 'Hwei', 'Viktor'),
('Aurelion Sol', 'Talon', 'Fizz', 'Qiyana'),
('Aurora', 'Cassiopeia', 'Qiyana', 'Anivia'),
('Azir', 'Vel\'Koz', 'Cassiopeia', 'Twisted Fate'),
('Bard', 'Zoe', 'Senna', 'Sylas'),
('Bel\'Veth', 'Poppy', 'Sejuani', 'Ivern'),
('Blitzcrank', 'Taric', 'Rakan', 'Sylas'),
('Brand', 'Neeko', 'Shaco', 'Galio'),
('Braum', 'Zilean', 'Taric', 'Rell'),
('Briar', 'Bel\'Veth', 'Rek\'Sai', 'Nocturne'),
('Caitlyn', 'Lux', 'Nilah', 'Seraphine'),
('Camille', 'Kennen', 'Teemo', 'Zac'),
('Cassiopeia', 'Vel\'Koz', 'Syndra', 'Xerath'),
('Cho\'Gath', 'Ornn', 'Illaoi', 'Gwen'),
('Corki', 'Kog\'Maw', 'Viktor', 'Ziggs'),
('Darius', 'Quinn', 'Ryze', 'Teemo'),
('Diana', 'Volibear', 'Rek\'Sai', 'Skarner'),
('Dr. Mundo', 'Irelia', 'Aatrox', 'Riven'),
('Draven', 'Lux', 'Hwei', 'Viktor'),
('Ekko', 'Ivern', 'Elise', 'Rengar'),
('Elise', 'Talon', 'Shaco', 'Rammus'),
('Evelynn', 'Teemo', 'Ivern', 'Gwen'),
('Ezreal', 'Hwei', 'Nilah', 'Sivir'),
('Fiddlesticks', 'Ivern', 'Jarvan IV', 'Rek\'Sai'),
('Fiora', 'Warwick', 'Kayle', 'Ryze'),
('Fizz', 'Vex', 'Cassiopeia', 'Akali'),
('Galio', 'Swain', 'Taliyah', 'Lux'),
('Gangplank', 'Ryze', 'Kled', 'Ornn'),
('Garen', 'Kennen', 'Camille', 'Trundle'),
('Gnar', 'Irelia', 'Wukong', 'Malphite'),
('Gragas', 'Singed', 'Ryze', 'Garen'),
('Graves', 'Bel\'Veth', 'Zyra', 'Nunu &amp; Willump'),
('Gwen', 'Warwick', 'Singed', 'Yasuo'),
('Hecarim', 'Ivern', 'Rek\'Sai', 'Teemo'),
('Heimerdinger', 'Cassiopeia', 'Galio', 'Yorick'),
('Hwei', 'Diana', 'Vel\'Koz', 'Talon'),
('Illaoi', 'Aurora', 'Irelia', 'Garen'),
('Irelia', 'Warwick', 'Zac', 'Volibear'),
('Ivern', 'Taliyah', 'Rammus', 'Udyr'),
('Janna', 'Blitzcrank', 'Nami', 'Sona'),
('Jarvan IV', 'Rek\'Sai', 'Ivern', 'Karthus'),
('Jax', 'Zac', 'Dr. Mundo', 'Singed'),
('Jayce', 'Ornn', 'Yasuo', 'Quinn'),
('Jhin', 'Tristana', 'Kog\'Maw', 'Nilah'),
('Jinx', 'Hwei', 'Nilah', 'Viktor'),
('K\'Sante', 'Singed', 'Kayle', 'Shen'),
('Kai\'Sa', 'Nilah', 'Kog\'Maw', 'Draven'),
('Kalista', 'Kog\'Maw', 'Hwei', 'Xayah'),
('Karma', 'Pyke', 'Rell', 'Taric'),
('Karthus', 'Ivern', 'Volibear', 'Shyvana'),
('Kassadin', 'Naafiri', 'Anivia', 'Akshan'),
('Katarina', 'Vex', 'Galio', 'Akshan'),
('Kayle', 'Kled', 'Quinn', 'Ryze'),
('Kayn', 'Poppy', 'Kha\'Zix', 'Fiddlesticks'),
('Kennen', 'Zac', 'Cassiopeia', 'Dr. Mundo'),
('Kha\'Zix', 'Rek\'Sai', 'Zyra', 'Shaco'),
('Kindred', 'Rammus', 'Rek\'Sai', 'Fiddlesticks'),
('Kled', 'Poppy', 'Singed', 'Riven'),
('Kog\'Maw', 'Seraphine', 'Hwei', 'Miss Fortune'),
('LeBlanc', 'Naafiri', 'Malzahar', 'Diana'),
('Lee Sin', 'Rek\'Sai', 'Taliyah', 'Rammus'),
('Leona', 'Galio', 'Janna', 'Senna'),
('Lillia', 'Talon', 'Evelynn', 'Hecarim'),
('Lissandra', 'Anivia', 'Taliyah', 'Ryze'),
('Lucian', 'Nilah', 'Hwei', 'Miss Fortune'),
('Lulu', 'Tahm Kench', 'Vel\'Koz', 'Zilean'),
('Lux', 'Zyra', 'Soraka', 'Tahm Kench'),
('Malphite', 'Maokai', 'Sylas', 'Ornn'),
('Malzahar', 'Diana', 'Talon', 'Akshan'),
('Maokai', 'Mordekaiser', 'Olaf', 'Rumble'),
('Master Yi', 'Shaco', 'Elise', 'Wukong'),
('Milio', 'Maokai', 'Taric', 'Blitzcrank'),
('Miss Fortune', 'Hwei', 'Viktor', 'Nilah'),
('Mordekaiser', 'Kayle', 'Riven', 'Warwick'),
('Morgana', 'Shaco', 'Xerath', 'Poppy'),
('Naafiri', 'Irelia', 'Malzahar', 'Taliyah'),
('Nami', 'Soraka', 'Braum', 'Alistar'),
('Nasus', 'Kled', 'Sylas', 'Urgot'),
('Nautilus', 'Taric', 'Rell', 'Renata Glasc'),
('Neeko', 'LeBlanc', 'Bard', 'Janna'),
('Nidalee', 'Briar', 'Nocturne', 'Rek\'Sai'),
('Nilah', 'Seraphine', 'Ziggs', 'Lux'),
('Nocturne', 'Gwen', 'Nunu &amp; Willump', 'Skarner'),
('Nunu &amp; Willump', 'Bel\'Veth', 'Ekko', 'Master Yi'),
('Olaf', 'Cassiopeia', 'Illaoi', 'Fiora'),
('Orianna', 'Vel\'Koz', 'Aurelion Sol', 'Katarina'),
('Ornn', 'Warwick', 'Vladimir', 'Dr. Mundo'),
('Pantheon', 'Janna', 'Braum', 'Renata Glasc'),
('Poppy', 'Taric', 'Sona', 'Senna'),
('Pyke', 'Zoe', 'Taric', 'Maokai'),
('Qiyana', 'Zoe', 'Vel\'Koz', 'Twisted Fate'),
('Quinn', 'Wukong', 'Singed', 'Sett'),
('Rakan', 'Rell', 'Taric', 'Brand'),
('Rammus', 'Karthus', 'Shaco', 'Zac'),
('Rek\'Sai', 'Rammus', 'Karthus', 'Volibear'),
('Rell', 'Poppy', 'Vel\'Koz', 'Taric'),
('Renata Glasc', 'Xerath', 'Sona', 'Milio'),
('Renekton', 'Zac', 'Dr. Mundo', 'Teemo'),
('Rengar', 'Rammus', 'Bel\'Veth', 'Xin Zhao'),
('Riven', 'Maokai', 'Urgot', 'Cho\'Gath'),
('Rumble', 'Sylas', 'Kennen', 'Tahm Kench'),
('Ryze', 'Swain', 'Irelia', 'Aurelion Sol'),
('Samira', 'Viktor', 'Nilah', 'Corki'),
('Sejuani', 'Rek\'Sai', 'Udyr', 'Amumu'),
('Senna', 'Neeko', 'Sylas', 'Zoe'),
('Seraphine', 'Vel\'Koz', 'Braum', 'Zilean'),
('Sett', 'Volibear', 'Warwick', 'Kennen'),
('Shaco', 'Briar', 'Shyvana', 'Karthus'),
('Shen', 'Olaf', 'Yasuo', 'Aurora'),
('Shyvana', 'Teemo', 'Bel\'Veth', 'Nunu &amp; Willump'),
('Singed', 'Akali', 'Zac', 'Kayle'),
('Sion', 'Gwen', 'Yone', 'Volibear'),
('Sivir', 'Kog\'Maw', 'Viktor', 'Seraphine'),
('Skarner', 'Gwen', 'Rek\'Sai', 'Lillia'),
('Smolder', 'Seraphine', 'Swain', 'Hwei'),
('Sona', 'Braum', 'Senna', 'Rell'),
('Soraka', 'Sona', 'Sylas', 'Senna'),
('Swain', 'Taric', 'Vel\'Koz', 'Soraka'),
('Sylas', 'Taliyah', 'Corki', 'Cassiopeia'),
('Syndra', 'Ekko', 'Fizz', 'Irelia'),
('Tahm Kench', 'Taric', 'Janna', 'Shaco'),
('Taliyah', 'Anivia', 'Zoe', 'Zed'),
('Talon', 'Malphite', 'LeBlanc', 'Diana'),
('Taric', 'Zilean', 'Vel\'Koz', 'Sona'),
('Teemo', 'Olaf', 'Quinn', 'Sion'),
('Thresh', 'Poppy', 'Neeko', 'Taric'),
('Tristana', 'Corki', 'Draven', 'Kog\'Maw'),
('Trundle', 'Zac', 'Urgot', 'Poppy'),
('Tryndamere', 'Gnar', 'Warwick', 'Kled'),
('Twisted Fate', 'Diana', 'Vel\'Koz', 'Naafiri'),
('Twitch', 'Nilah', 'Seraphine', 'Kog\'Maw'),
('Udyr', 'Zyra', 'Nunu &amp; Willump', 'Zed'),
('Urgot', 'Viktor', 'Rumble', 'Malphite'),
('Varus', 'Nilah', 'Viktor', 'Kog\'Maw'),
('Vayne', 'Seraphine', 'Kog\'Maw', 'Tristana'),
('Veigar', 'Irelia', 'Ryze', 'Zoe'),
('Vel\'Koz', 'Zoe', 'Sylas', 'Janna'),
('Vex', 'Annie', 'Taliyah', 'Anivia'),
('Vi', 'Zyra', 'Fiddlesticks', 'Kha\'Zix'),
('Viego', 'Elise', 'Bel\'Veth', 'Rek\'Sai'),
('Viktor', 'Anivia', 'Ekko', 'Akali'),
('Vladimir', 'Twisted Fate', 'Vel\'Koz', 'Anivia'),
('Volibear', 'Kayle', 'Teemo', 'Kled'),
('Warwick', 'Zyra', 'Nunu &amp; Willump', 'Talon'),
('Wukong', 'Shyvana', 'Taliyah', 'Zyra'),
('Xayah', 'Viktor', 'Yasuo', 'Ziggs'),
('Xerath', 'Sylas', 'Nami', 'Poppy'),
('Xin Zhao', 'Gwen', 'Rek\'Sai', 'Taliyah'),
('Yasuo', 'Aurelion Sol', 'Renekton', 'Taliyah'),
('Yone', 'Veigar', 'Cassiopeia', 'Vex'),
('Yorick', 'Tryndamere', 'Irelia', 'Warwick'),
('Yuumi', 'Taric', 'Rell', 'Senna'),
('Zac', 'Poppy', 'Kayn', 'Jarvan IV'),
('Zed', 'Malphite', 'Irelia', 'Akshan'),
('Zeri', 'Swain', 'Viktor', 'Draven'),
('Ziggs', 'Yasuo', 'Vayne', 'Kog\'Maw'),
('Zilean', 'Pantheon', 'Sona', 'Zoe'),
('Zoe', 'Twisted Fate', 'Malzahar', 'Lissandra'),
('Zyra', 'Taric', 'Zilean', 'Tahm Kench');

-- --------------------------------------------------------

--
-- Struttura della tabella `rune`
--

CREATE TABLE `rune` (
  `name` varchar(22) NOT NULL,
  `posizione` varchar(8) NOT NULL
) ENGINE=InnoDB DEFAULT CHARSET=utf8mb4 COLLATE=utf8mb4_general_ci;

--
-- Dump dei dati per la tabella `rune`
--

INSERT INTO `rune` (`name`, `posizione`) VALUES
('Absolute Focus', 'slot 3'),
('Absorb Life', 'slot 1'),
('Aftershock', 'keystone'),
('Approach Velocity', 'slot 3'),
('Arcane Comet', 'keystone'),
('Biscuit Delivery', 'slot 3'),
('Bone Plating', 'slot 3'),
('Cash Back', 'slot 2'),
('Celerity', 'slot 2'),
('Cheap Shot', 'slot 1'),
('Conditioning', 'slot 2'),
('Conqueror', 'slot 1'),
('Cosmic Insight', 'slot 3'),
('Coup de Grace', 'slot 3'),
('Cut Down', 'slot 3'),
('Dark Harvest', 'keystone'),
('Demolish', 'slot 1'),
('Electrocute', 'keystone'),
('Eyeball Collection', 'slot 3'),
('First Strike', 'slot 1'),
('Fleet Footwork', 'keystone'),
('Font of Life', 'slot 1'),
('Gathering Storm', 'keystone'),
('Ghost Poro', 'slot 2'),
('Glacial Augment', 'keystone'),
('Grasp of the Undying', 'keystone'),
('Guardian', 'slot 1'),
('Hail of Blades', 'slot 1'),
('Hextech Flashtraption', 'slot 1'),
('Jack of All Trades', 'keystone'),
('Last Stand', 'keystone'),
('Legend: Alacrity', 'slot 2'),
('Legend: Bloodline', 'slot 3'),
('Legend: Haste', 'slot 2'),
('Lethal Tempo', 'keystone'),
('Magical Footwear', 'slot 1'),
('Manaflow Band', 'slot 1'),
('Nimbus Cloak', 'slot 2'),
('Nullifying Orb', 'slot 1'),
('Overgrowth', 'slot 3'),
('Phase Rush', 'slot 1'),
('Presence of Mind', 'slot 2'),
('Press the Attack', 'keystone'),
('Relentless Hunter', 'slot 3'),
('Revitalize', 'slot 3'),
('Scorch', 'slot 3'),
('Second Wind', 'slot 2'),
('Shield Bash', 'slot 2'),
('Sudden Impact', 'slot 2'),
('Summon Aery', 'keystone'),
('Taste of Blood', 'slot 1'),
('Time Warp Tonic', 'slot 2'),
('Transcendence', 'slot 2'),
('Treasure Hunter', 'slot 3'),
('Triple Tonic', 'slot 2'),
('Triumph', 'slot 1'),
('Ultimate Hunter', 'keystone'),
('Unflinching', 'keystone'),
('Unsealed Spellbook', 'keystone'),
('Waterwalking', 'slot 3'),
('Zombie Ward', 'slot 2');

-- --------------------------------------------------------

--
-- Struttura della tabella `stats`
--

CREATE TABLE `stats` (
  `name` varchar(20) NOT NULL,
  `winrate` decimal(4,2) NOT NULL,
  `pickrate` decimal(4,2) NOT NULL,
  `banrate` decimal(4,2) NOT NULL,
  `tier` varchar(2) NOT NULL
) ENGINE=InnoDB DEFAULT CHARSET=utf8mb4 COLLATE=utf8mb4_general_ci;

--
-- Dump dei dati per la tabella `stats`
--

INSERT INTO `stats` (`name`, `winrate`, `pickrate`, `banrate`, `tier`) VALUES
('Aatrox', 50.25, 8.60, 10.70, 'S+'),
('Ahri', 50.58, 9.90, 4.60, 'S'),
('Akali', 49.76, 7.00, 10.50, 'B'),
('Akshan', 51.20, 2.30, 2.70, 'S'),
('Alistar', 49.14, 3.70, 1.30, 'C'),
('Ambessa', 48.49, 6.10, 46.00, 'D'),
('Amumu', 49.02, 2.70, 1.70, 'C'),
('Anivia', 52.39, 2.10, 1.80, 'S'),
('Annie', 50.50, 1.00, 0.20, 'B'),
('Aphelios', 48.46, 4.60, 0.70, 'D'),
('Ashe', 50.35, 16.30, 18.70, 'S+'),
('Aurelion Sol', 50.53, 2.00, 0.80, 'A'),
('Aurora', 49.77, 5.00, 15.90, 'B'),
('Azir', 49.04, 2.40, 0.40, 'B'),
('Bard', 50.64, 4.50, 0.60, 'A'),
('Bel\'Veth', 51.51, 2.60, 4.40, 'S+'),
('Blitzcrank', 49.54, 6.10, 17.30, 'B'),
('Brand', 48.78, 1.90, 1.90, 'C'),
('Braum', 50.77, 6.20, 5.40, 'S+'),
('Briar', 50.20, 2.40, 2.70, 'A'),
('Caitlyn', 49.18, 20.40, 28.50, 'D'),
('Camille', 50.82, 4.20, 2.30, 'S'),
('Cassiopeia', 51.30, 1.60, 1.60, 'A'),
('Cho\'Gath', 50.95, 2.70, 0.50, 'A'),
('Corki', 50.41, 7.10, 9.60, 'S+'),
('Darius', 50.47, 6.40, 14.20, 'S+'),
('Diana', 50.04, 4.60, 2.10, 'A'),
('Dr. Mundo', 50.97, 3.70, 2.20, 'S'),
('Draven', 50.83, 6.40, 22.80, 'S+'),
('Ekko', 50.89, 5.50, 1.60, 'S'),
('Elise', 50.35, 4.80, 6.60, 'S'),
('Evelynn', 49.96, 2.20, 3.30, 'B'),
('Ezreal', 49.13, 16.60, 5.20, 'D'),
('Fiddlesticks', 50.91, 2.40, 1.90, 'A'),
('Fiora', 50.43, 3.80, 6.10, 'S'),
('Fizz', 50.38, 3.00, 3.40, 'S'),
('Galio', 50.77, 5.40, 4.90, 'S'),
('Gangplank', 49.22, 3.30, 1.30, 'C'),
('Garen', 49.12, 4.40, 2.30, 'D'),
('Gnar', 49.82, 4.90, 2.00, 'B'),
('Gragas', 51.06, 5.40, 4.40, 'S'),
('Graves', 49.94, 13.70, 21.70, 'A'),
('Gwen', 50.65, 2.90, 3.70, 'S'),
('Hecarim', 50.30, 4.70, 3.20, 'S'),
('Heimerdinger', 50.20, 0.90, 0.80, 'B'),
('Hwei', 49.64, 6.00, 7.90, 'B'),
('Illaoi', 48.92, 2.30, 5.10, 'D'),
('Irelia', 51.77, 5.70, 12.80, 'S+'),
('Ivern', 51.13, 1.30, 0.60, 'A'),
('Janna', 51.45, 6.30, 2.00, 'S'),
('Jarvan IV', 50.08, 5.70, 1.60, 'A'),
('Jax', 48.78, 5.30, 8.50, 'D'),
('Jayce', 47.90, 5.10, 2.30, 'D'),
('Jhin', 49.73, 19.50, 3.90, 'D'),
('Jinx', 50.25, 22.30, 3.90, 'S'),
('K\'Sante', 48.44, 7.10, 8.00, 'D'),
('Kai\'Sa', 48.52, 11.90, 1.90, 'D'),
('Kalista', 48.34, 2.10, 0.60, 'D'),
('Karma', 50.17, 9.80, 4.20, 'S'),
('Karthus', 50.96, 2.80, 7.60, 'S+'),
('Kassadin', 50.59, 2.70, 3.40, 'S'),
('Katarina', 50.26, 6.30, 7.30, 'S'),
('Kayle', 50.87, 2.20, 0.80, 'A'),
('Kayn', 50.49, 7.10, 4.90, 'S'),
('Kennen', 51.26, 1.70, 1.30, 'A'),
('Kha\'Zix', 50.86, 7.40, 6.30, 'S+'),
('Kindred', 50.28, 4.00, 2.90, 'S'),
('Kled', 51.39, 1.50, 0.60, 'A'),
('Kog\'Maw', 52.49, 2.70, 2.30, 'S'),
('LeBlanc', 48.64, 4.90, 22.50, 'D'),
('Lee Sin', 49.56, 16.80, 11.50, 'D'),
('Leona', 49.79, 5.60, 5.00, 'B'),
('Lillia', 49.31, 3.30, 3.30, 'C'),
('Lissandra', 50.52, 3.10, 1.60, 'A'),
('Lucian', 49.66, 6.00, 1.00, 'B'),
('Lulu', 51.28, 15.00, 16.60, 'S+'),
('Lux', 48.60, 6.90, 4.40, 'D'),
('Malphite', 50.97, 4.40, 7.70, 'S+'),
('Malzahar', 50.31, 3.50, 3.70, 'S'),
('Maokai', 51.20, 6.30, 4.80, 'S+'),
('Master Yi', 49.91, 4.70, 7.60, 'A'),
('Milio', 50.31, 6.00, 3.30, 'S'),
('Miss Fortune', 51.55, 5.80, 0.50, 'S'),
('Mordekaiser', 50.00, 4.90, 6.10, 'S'),
('Morgana', 49.44, 3.50, 13.00, 'B'),
('Naafiri', 51.43, 1.00, 0.60, 'A'),
('Nami', 50.97, 10.50, 1.00, 'S'),
('Nasus', 48.79, 2.70, 3.90, 'D'),
('Nautilus', 48.66, 8.40, 12.80, 'D'),
('Neeko', 49.76, 1.90, 0.90, 'B'),
('Nidalee', 49.12, 4.50, 3.60, 'D'),
('Nilah', 53.10, 1.90, 3.60, 'S+'),
('Nocturne', 50.68, 5.60, 7.80, 'S+'),
('Nunu &amp; Willump', 51.26, 3.40, 0.80, 'S'),
('Olaf', 51.77, 1.60, 1.10, 'A'),
('Orianna', 49.60, 4.40, 0.90, 'B'),
('Ornn', 50.85, 3.90, 0.50, 'A'),
('Pantheon', 49.63, 1.90, 1.20, 'B'),
('Poppy', 51.58, 3.50, 10.20, 'S+'),
('Pyke', 50.40, 8.20, 31.50, 'S+'),
('Qiyana', 51.70, 2.30, 0.70, 'A'),
('Quinn', 51.01, 0.80, 0.40, 'A'),
('Rakan', 49.76, 4.90, 0.70, 'B'),
('Rammus', 50.44, 1.40, 3.30, 'S'),
('Rek\'Sai', 52.14, 1.60, 0.60, 'A'),
('Rell', 51.04, 4.50, 2.40, 'S'),
('Renata Glasc', 49.69, 2.30, 0.40, 'B'),
('Renekton', 49.71, 6.00, 5.60, 'B'),
('Rengar', 49.29, 3.30, 5.90, 'C'),
('Riven', 51.83, 5.60, 2.90, 'S+'),
('Rumble', 48.97, 1.70, 0.70, 'B'),
('Ryze', 50.51, 2.70, 0.50, 'A'),
('Samira', 48.72, 3.50, 5.20, 'D'),
('Sejuani', 47.90, 2.50, 0.30, 'D'),
('Senna', 51.03, 5.90, 1.80, 'S'),
('Seraphine', 49.23, 3.60, 1.10, 'C'),
('Sett', 49.79, 4.40, 0.90, 'B'),
('Shaco', 51.03, 4.60, 15.90, 'S+'),
('Shen', 50.50, 2.90, 0.50, 'A'),
('Shyvana', 49.88, 1.40, 0.30, 'B'),
('Singed', 51.09, 1.90, 0.30, 'A'),
('Sion', 49.14, 3.60, 0.50, 'C'),
('Sivir', 50.78, 5.30, 1.00, 'S'),
('Skarner', 50.96, 4.00, 10.20, 'S+'),
('Smolder', 49.03, 6.60, 4.20, 'D'),
('Sona', 51.09, 2.60, 0.10, 'A'),
('Soraka', 50.88, 4.90, 1.80, 'S'),
('Swain', 46.62, 2.40, 4.30, 'D'),
('Sylas', 49.55, 11.10, 14.50, 'D'),
('Syndra', 49.99, 6.30, 4.30, 'A'),
('Tahm Kench', 51.15, 5.30, 9.00, 'S+'),
('Taliyah', 52.07, 1.80, 1.10, 'A'),
('Talon', 51.00, 2.90, 1.60, 'A'),
('Taric', 52.56, 1.80, 0.40, 'A'),
('Teemo', 51.37, 2.60, 5.40, 'S'),
('Thresh', 50.20, 13.10, 5.50, 'S'),
('Tristana', 50.63, 3.30, 0.40, 'A'),
('Trundle', 50.27, 1.80, 0.50, 'A'),
('Tryndamere', 50.32, 2.40, 1.50, 'A'),
('Twisted Fate', 49.41, 2.70, 0.30, 'B'),
('Twitch', 50.11, 3.20, 1.60, 'A'),
('Udyr', 50.63, 2.20, 3.10, 'S'),
('Urgot', 50.34, 2.20, 0.40, 'A'),
('Varus', 49.56, 6.90, 1.10, 'C'),
('Vayne', 50.66, 4.70, 3.10, 'S'),
('Veigar', 50.20, 2.80, 0.80, 'A'),
('Vel\'Koz', 50.58, 3.00, 1.00, 'A'),
('Vex', 51.98, 3.20, 5.30, 'S+'),
('Vi', 49.11, 6.50, 1.70, 'D'),
('Viego', 49.86, 17.20, 12.70, 'B'),
('Viktor', 50.62, 21.30, 42.90, 'S+'),
('Vladimir', 49.77, 3.20, 4.40, 'B'),
('Volibear', 50.76, 5.20, 4.70, 'S'),
('Warwick', 50.72, 6.50, 26.70, 'S+'),
('Wukong', 50.98, 6.10, 2.80, 'S'),
('Xayah', 50.37, 4.00, 0.60, 'A'),
('Xerath', 49.82, 3.80, 5.80, 'B'),
('Xin Zhao', 50.31, 3.60, 0.60, 'A'),
('Yasuo', 48.86, 8.20, 18.10, 'D'),
('Yone', 47.78, 7.60, 10.60, 'D'),
('Yorick', 49.46, 2.50, 2.70, 'B'),
('Yuumi', 48.71, 5.90, 7.30, 'D'),
('Zac', 48.78, 3.40, 3.30, 'D'),
('Zed', 49.60, 6.10, 17.00, 'B'),
('Zeri', 49.45, 2.90, 0.30, 'B'),
('Ziggs', 51.49, 2.00, 0.80, 'A'),
('Zilean', 50.75, 2.80, 0.90, 'A'),
('Zoe', 50.70, 2.40, 1.50, 'A'),
('Zyra', 49.98, 3.00, 2.70, 'B');

-- --------------------------------------------------------

--
-- Struttura della tabella `summonerspell`
--

CREATE TABLE `summonerspell` (
  `name` varchar(9) NOT NULL
) ENGINE=InnoDB DEFAULT CHARSET=utf8mb4 COLLATE=utf8mb4_general_ci;

--
-- Dump dei dati per la tabella `summonerspell`
--

INSERT INTO `summonerspell` (`name`) VALUES
('Barrier'),
('Clarity'),
('Cleanse'),
('Dash'),
('Exhaust'),
('Flash'),
('Ghost'),
('Heal'),
('Ignite'),
('Mark'),
('Smite'),
('Teleport');

--
-- Indici per le tabelle scaricate
--

--
-- Indici per le tabelle `build`
--
ALTER TABLE `build`
  ADD PRIMARY KEY (`name`),
  ADD KEY `keystone` (`keystone`),
  ADD KEY `slot1` (`slot1`),
  ADD KEY `slot2` (`slot2`),
  ADD KEY `slot3` (`slot3`),
  ADD KEY `secondary1` (`secondary1`),
  ADD KEY `secondary2` (`secondary2`),
  ADD KEY `summoner1` (`summoner1`),
  ADD KEY `summoner2` (`summoner2`);

--
-- Indici per le tabelle `champion`
--
ALTER TABLE `champion`
  ADD PRIMARY KEY (`name`);

--
-- Indici per le tabelle `counter`
--
ALTER TABLE `counter`
  ADD PRIMARY KEY (`name`);

--
-- Indici per le tabelle `rune`
--
ALTER TABLE `rune`
  ADD PRIMARY KEY (`name`);

--
-- Indici per le tabelle `stats`
--
ALTER TABLE `stats`
  ADD PRIMARY KEY (`name`);

--
-- Indici per le tabelle `summonerspell`
--
ALTER TABLE `summonerspell`
  ADD PRIMARY KEY (`name`);

--
-- Limiti per le tabelle scaricate
--

--
-- Limiti per la tabella `build`
--
ALTER TABLE `build`
  ADD CONSTRAINT `keystone` FOREIGN KEY (`keystone`) REFERENCES `rune` (`name`),
  ADD CONSTRAINT `name` FOREIGN KEY (`name`) REFERENCES `champion` (`name`),
  ADD CONSTRAINT `secondary1` FOREIGN KEY (`secondary1`) REFERENCES `rune` (`name`),
  ADD CONSTRAINT `secondary2` FOREIGN KEY (`secondary2`) REFERENCES `rune` (`name`),
  ADD CONSTRAINT `slot1` FOREIGN KEY (`slot1`) REFERENCES `rune` (`name`),
  ADD CONSTRAINT `slot2` FOREIGN KEY (`slot2`) REFERENCES `rune` (`name`),
  ADD CONSTRAINT `slot3` FOREIGN KEY (`slot3`) REFERENCES `rune` (`name`),
  ADD CONSTRAINT `summoner1` FOREIGN KEY (`summoner1`) REFERENCES `summonerspell` (`name`),
  ADD CONSTRAINT `summoner2` FOREIGN KEY (`summoner2`) REFERENCES `summonerspell` (`name`);

--
-- Limiti per la tabella `counter`
--
ALTER TABLE `counter`
  ADD CONSTRAINT `counter` FOREIGN KEY (`name`) REFERENCES `champion` (`name`);

--
-- Limiti per la tabella `stats`
--
ALTER TABLE `stats`
  ADD CONSTRAINT `bound` FOREIGN KEY (`name`) REFERENCES `champion` (`name`);
COMMIT;

/*!40101 SET CHARACTER_SET_CLIENT=@OLD_CHARACTER_SET_CLIENT */;
/*!40101 SET CHARACTER_SET_RESULTS=@OLD_CHARACTER_SET_RESULTS */;
/*!40101 SET COLLATION_CONNECTION=@OLD_COLLATION_CONNECTION */;
